database_identifier	chemical_formula	smiles	inchi	metabolite_identification	mass_to_charge	fragmentation	modifications	charge	retention_time	taxid	species	database	database_version	reliability	uri	search_engine	search_engine_score	smallmolecule_abundance_sub	smallmolecule_abundance_stdev_sub	smallmolecule_abundance_std_error_sub	102.100.100/50913	102.100.100/50914	102.100.100/50915	102.100.100/50916	102.100.100/50917	102.100.100/50918	102.100.100/50919	102.100.100/50920	102.100.100/50921	102.100.100/50922	102.100.100/50923	102.100.100/50924	102.100.100/50925	102.100.100/50926	102.100.100/50927	102.100.100/50928	102.100.100/50929	102.100.100/50930	102.100.100/50931	102.100.100/50932	102.100.100/50933	102.100.100/50934	102.100.100/50935	102.100.100/50936	102.100.100/50937	102.100.100/50938	102.100.100/50939	102.100.100/50940	102.100.100/50941	102.100.100/50942	102.100.100/50943	102.100.100/50944	102.100.100/50945	102.100.100/50946	102.100.100/50947	102.100.100/50948	102.100.100/50949	102.100.100/50950	102.100.100/50951	102.100.100/50952	102.100.100/50953	102.100.100/50954	102.100.100/50955	102.100.100/50956	102.100.100/50957	102.100.100/50958	102.100.100/50959	102.100.100/50960	102.100.100/50961	102.100.100/50962	102.100.100/50963	102.100.100/50964	102.100.100/50965	102.100.100/50966	102.100.100/50967	102.100.100/50969	102.100.100/50970	102.100.100/50971	102.100.100/50972	metabolite
				ISTD																	7797167	7274034	6409192	7553185	7754511	7921701	8184759	8173047	7152050	6162216	6076697	7853837	6890160	6291045	5978136	7535209	7325468	6214541	5929930	8630572	7375433	8072845	7748520	7540216	7956758	8270192	7809944	4675111	8407262	5719887	7873246	7389564	8133494	6950620	6739755	8049172	7663240	4786229	7507902	4997526	8062761	4921736	5719084	8094875	5404363	4893803	8205493	5397698	7414967	7201864	6631033	7698453	7372193	7614939	6688031	8163870	7437428	6569799	9405026	1,2-13C2-Myristic acid
				ISTD																	22019755	18659724	17996182	14166995	19700905	15119154	17602692	19260927	17154090	17488237	17425104	18580614	19995422	18482680	18632770	20035810	20557088	17833578	18714114	21704737	19842497	20812359	19889828	19139635	18667070	19366368	18929267	11088915	21002576	18102660	19783401	17306001	18818009	18923716	17973476	17929952	19995350	11237925	18560432	14683400	21052757	16423015	17714127	13775587	16897388	18190864	20648284	19393374	15969051	8051678	18525191	19710873	19294138	18874315	17975883	19272232	18891115	18181594	19328399	13C5,15N1-Valine
CHEBI:16125	C16H34O	C(CCCCCCCCCCCCCCC)O	InChI=1S/C16H34O/c1-2-3-4-5-6-7-8-9-10-11-12-13-14-15-16-17/h17H,2-16H2,1H3	1-Hexadecanol																	37020	34037	22959	36362	43150	44149	42860	39374	12305	15610	15760	35846	36511	24122	17200	31025	30539	17899	26062	72282	36814	33589	35615	28463	20083	19248	16889	14983	8855	10802	38793	54979	31143	39076	31341	63107	20855	20746	22620	18031	42862	12671	31251	45712	41067	23393	85727	40938	29354	39283	28277	57409	46200	45513	60747	130354	95419	43741	108607	1-Hexadecanol
CHEBI:37024	C6H11NO4	NC(CCCC(O)=O)C(O)=O	InChI=1S/C6H11NO4/c7-4(6(10)11)2-1-3-5(8)9/h4H,1-3,7H2,(H,8,9)(H,10,11)	Aminoadipic acid																	22394825	16487333	4868182	7269803	1505594	10175080	29373902	26094510	21212307	22966445	7170001	21150478	16501946	2649826	986973	1652631	5667087	1021474	22658233	5664796	2000272	3302106	3687987	1212083	1258351	1682213	511889	190891	118581	357351	341117	876922	39851	59170	68428	49449	4034461	11130825	2256832	1855480	19075987	888388	3069230	18048080	532183	1524417	18665266	220021	801291	471265	1109088	1992977	940555	2143309	3221254	5095587	2431179	1857512	1257026	Aminoadipic acid
CHEBI:28797	C4H9NO2	CC[C@@H](N)C(O)=O	InChI=1S/C4H9NO2/c1-2-3(5)4(6)7/h3H,2,5H2,1H3,(H,6,7)/t3-/m1/s1	D-Alpha-aminobutyric acid																	143125	122737	109454	71929	178097	126515	570409	1121978	143977	1470285	258498	529058	240517	105146	108517	74719	132304	94580	1735658	196725	140252	582852	396022	229980	13989	5636	16972	31466	3658	11712	7950	29523	3156	7440	4699	3880	153920	115222	309167	86444	278783	206707	608410	1063735	136596	831374	1028018	231336	44879	9346	52308	63830	56727	72401	902440	167213	1036155	628243	222749	D-Alpha-aminobutyric acid
CHEBI:16000	C2H7NO	NCCO	InChI=1S/C2H7NO/c3-1-2-4/h4H,1-3H2	Ethanolamine																	1035383	89249	61623	49274	186847	102267	1799277	286917	135747	816911	59902	893336	451363	99981	72208	765786	460544	74876	1688263	2686625	3628279	4773766	384769	532729	131673	489018	219812	123667	495671	103978	1275001	77017	752208	119569	101234	873747	1140624	55922	79280	57729	977383	70528	90903	85741	232711	94121	282254	172386	55465	37468	74436	354529	121650	789701	160413	917320	153257	437946	127019	Ethanolamine
CHEBI:64305	C7H13NO4	NC(CCCCC(O)=O)C(O)=O	InChI=1S/C7H13NO4/c8-5(7(11)12)3-1-2-4-6(9)10/h5H,1-4,8H2,(H,9,10)(H,11,12)	2-Aminoheptanedioic acid																	499174	486137	322227	377740	704473	407453	257250	348547	252359	176005	209171	201853	842115	593990	248203	466650	706998	272919	397010	580465	194648	310542	463795	136231	565227	335114	485996	469868	441654	238203	40202	113034	24750	31016	40112	32429	679844	905353	586687	405985	865924	337393	204080	408616	110354	193422	355247	57901	743469	704941	285992	737853	543877	674030	197153	416107	243724	276123	300173	2-Aminoheptanedioic acid
CHEBI:32797	C5H8O5	O[C@@H](CCC(O)=O)C(O)=O	InChI=1S/C5H8O5/c6-3(5(9)10)1-2-4(7)8/h3,6H,1-2H2,(H,7,8)(H,9,10)/t3-/m0/s1	L-2-Hydroxyglutaric acid																	30202189	30319286	29413590	31609088	28750643	30685474	28683343	28101905	24108941	29480597	21105809	26140360	603962	615511	306123	544284	170292	188402	427107	142073	54861	101084	80313	52529	124635	46214	164549	769223	25581	80974	19407	27545	10869	16543	14102	14036	468216	1163337	505376	754628	804363	291797	48906	306134	44235	69014	79531	28724	475924	944013	520329	1030705	606796	226594	102484	109405	187234	139715	95219	L-2-Hydroxyglutaric acid
CHEBI:60645	C5H10O3	CC(C)C(O)C(O)=O	InChI=1S/C5H10O3/c1-3(2)4(6)5(7)8/h3-4,6H,1-2H3,(H,7,8)	2-Hydroxy-3-methylbutyric acid																	128874	109778	44816	92184	44208	77980	4165	9633	2336	6994	23074	11783	39395	16310	7211	13058	23292	11522	13059	18895	19567	12496	12169	17547	8827	2787	4985	11414	6955	8637	7235	7556	2688	6234	3758	4858	58031	50061	20281	30815	53041	26646	7454	13960	10514	4359	13347	9589	12222	9268	11305	17006	17378	15791	12540	25554	4878	15285	24524	2-Hydroxy-3-methylbutyric acid
CHEBI:30915	C5H6O5	OC(=O)CCC(=O)C(O)=O	InChI=1S/C5H6O5/c6-3(5(9)10)1-2-4(7)8/h1-2H2,(H,7,8)(H,9,10)	Oxoglutaric acid																	331864	122378	100091	109333	70831	175088	327625	77300	60074	135397	21602	52206	1778383	253810	176643	282192	120076	214733	246719	142737	46652	135371	164180	35198	185007	97342	245069	145120	41348	97175	21302	55366	10246	13938	7345	15400	277103	442840	138529	130306	669493	78291	61594	146817	26106	93167	92349	18993	114639	382062	291047	355206	323526	364484	115069	72109	108333	137772	69395	Oxoglutaric acid
CHEBI:24344	C3H7O7P	C(C(CO)OP(=O)(O)O)(O)=O	InChI=1S/C3H7O7P/c4-1-2(3(5)6)10-11(7,8)9/h2,4H,1H2,(H,5,6)(H2,7,8,9)	2-Phosphoglyceric acid																	1049731	1649162	1031812	1487463	1064713	562002	517614	987068	565818	513830	544370	388252	1826601	2472397	932205	1861123	1490246	447658	658909	1281282	356659	692483	925447	168389	1761381	927736	1113798	1184474	367507	302031	184856	441262	77706	62844	61309	119654	1687799	2859280	1215330	2108555	2330071	997219	366220	799833	293717	389372	566406	137873	1514369	2002635	1308835	2131464	2337884	1481979	425554	515533	565305	341563	280715	2-Phosphoglyceric acid
				unknown																	13572029	9569030	21313103	8124414	16945286	18306077	10982221	16598341	21980774	27993970	28794097	17530374	20527508	21611427	25926501	23043637	24726568	25799488	21169338	6225272	5225091	10443329	7541784	17864771	12550677	7336205	12367775	21267656	4408246	24517141	1010639	3602743	789824	3006019	2284325	936231	14747875	19184532	18073995	22993636	23769428	24012832	10268692	8541646	17591556	24995994	20275219	18244275	17867587	12574678	24998519	23171960	27025435	25627846	20821807	26925048	23565317	27830723	15817597	3-Aminoglutaric acid
CHEBI:16958	C3H7NO2	NCCC(O)=O	InChI=1S/C3H7NO2/c4-2-1-3(5)6/h1-2,4H2,(H,5,6)	beta-Alanine																	173018	204634	351477	65324	119563	224382	78415	60453	284569	858338	303918	98049	3428585	3166226	1307489	1645027	2844800	1670986	686003	83384	46896	135984	60403	299671	1838117	2653201	2360166	560898	608333	2167714	13008	43076	14019	39926	93003	15175	2142990	1751472	1021748	633519	2563416	1706365	287719	52482	292174	442023	114741	353272	1152578	26509	764325	929089	753920	4134789	365951	75136	142940	399149	60255	Beta-Alanine
CHEBI:20067	C4H8O3	CC(O)CC(O)=O	InChI=1S/C4H8O3/c1-3(5)2-4(6)7/h3,5H,2H2,1H3,(H,6,7)	D(-)-beta-hydroxy butyric acid																	73160	86558	62672	115378	255004	138699	88922	199336	51038	164483	223861	197560	136734	91962	97718	119949	364409	196821	147601	311616	312145	199540	244761	368800	86948	79371	92044	115010	77174	183533	588779	930932	316334	685696	240536	284830	38232	57950	39283	46209	89964	52370	141748	115613	298848	71132	104233	108332	70441	77219	67558	75166	125912	106742	128350	103007	132189	243193	215284	3-Hydroxybutyric acid
CHEBI:50392	C9H10O3	CC(O)(C(O)=O)c1ccccc1	InChI=1S/C9H10O3/c1-9(12,8(10)11)7-5-3-2-4-6-7/h2-6,12H,1H3,(H,10,11)	Phenyllactic acid																	287216	196610	177361	287260	297108	451514	168508	197667	105215	163177	192926	211610	152030	75814	71378	146487	104494	108179	150618	137758	138001	149683	122294	131721	259141	94802	208048	280591	46674	113764	34996	71724	29898	27369	43966	46175	376238	173675	329337	156895	249491	225040	66050	163163	70979	75049	95507	42040	122863	179562	144956	285704	123483	417320	192211	286126	330801	168985	388797	Phenyllactic acid
CHEBI:30753	C7H7NO2	C1(C(O)=O)=CC=C(N)C=C1	InChI=1S/C7H7NO2/c8-6-3-1-5(2-4-6)7(9)10/h1-4H,8H2,(H,9,10)	p-Aminobenzoic acid																	28680	23385	38722	19890	48204	70626	0	0	0	9014	4410	4693	19859	12919	13358	15180	19202	28736	0	0	0	0	0	0	8401	3198	7176	19396	3204	24468	0	0	0	0	0	0	27682	15843	34256	30990	25375	58643	0	6460	0	4641	8104	3511	14546	9770	18063	14794	17781	23585	0	0	7407	4241	0	p-Aminobenzoic acid
CHEBI:30763	C7H6O3	OC(=O)c1ccc(O)cc1	InChI=1S/C7H6O3/c8-6-3-1-5(2-4-6)7(9)10/h1-4,8H,(H,9,10)	4-Hydroxybenzoic acid																	267333	326309	383193	289844	280596	456725	55931	54018	115917	100141	76245	76727	224657	181121	167211	181010	217254	280366	74471	32560	22335	35052	32099	47155	116007	52148	109741	277218	37392	160710	16240	25821	9327	15854	19042	20827	300470	333930	315936	402666	265551	558971	54873	88317	46451	67213	108989	44784	298541	276121	282485	247807	277880	293122	46813	47524	53049	101149	56499	4-Hydroxybenzoic acid
CHEBI:40410	C4H7NO3	CC(=O)NCC(O)=O	InChI=1S/C4H7NO3/c1-3(6)5-2-4(7)8/h2H2,1H3,(H,5,6)(H,7,8)	Acetylglycine																	51858	118542	70479	70118	58092	55090	63764	59422	41558	79929	50467	55094	36733	54717	23615	22216	32849	39617	82883	35160	15965	43525	31015	27016	40567	26457	38571	65170	16649	39449	16251	23398	10022	16691	13572	9424	36244	84066	38333	64559	36619	43662	71805	62460	23689	48312	28212	26923	56539	61261	32983	37397	33035	30200	69313	37319	54585	39635	40628	Acetylglycine
CHEBI:32805	C6H6O6	OC(=O)C\C(=C\C(O)=O)C(O)=O	InChI=1S/C6H6O6/c7-4(8)1-3(6(11)12)2-5(9)10/h1H,2H2,(H,7,8)(H,9,10)(H,11,12)/b3-1-	cis-Aconitic acid																	3149	4753	2347	3350	6189	4052	2034	3450	3669	1930	2127	2518	4314	5686	1643	3415	5319	2144	3930	6154	2746	3916	3737	1447	3322	2500	3653	4250	3270	921	1437	2237	0	0	0	0	4199	7447	0	0	4744	1958	1724	1956	1363	2632	0	0	5261	2363	2088	3920	4253	4048	1330	2910	2828	1519	1065	cis-Aconitic acid
CHEBI:16708	C5H5N5	Nc1ncnc2[nH]cnc12	InChI=1S/C5H5N5/c6-4-3-5(9-1-7-3)10-2-8-4/h1-2H,(H3,6,7,8,9,10)	Adenine																	5315269	3133345	2611736	5307786	6581541	8269210	5365119	4988659	2996159	2136908	1278471	5282302	6674667	1907906	1334607	5556183	4278888	1578913	1754527	2985941	2579079	3382826	3831085	1140671	4090910	3380592	9301795	3089511	1487562	1729248	3333728	7884829	1632211	436917	417247	2640996	11611267	4009673	10417123	2198285	10064271	2867557	1055888	4454431	967431	1223466	3596432	675055	1192403	643874	1275850	2866200	1780857	3902230	1534818	3553506	5583031	1330502	3622322	Adenine
CHEBI:16335	C10H13N5O4	Nc1ncnc2n(cnc12)[C@@H]1O[C@H](CO)[C@@H](O)[C@H]1O	InChI=1S/C10H13N5O4/c11-8-5-9(13-2-12-8)15(3-14-5)10-7(18)6(17)4(1-16)19-10/h2-4,6-7,10,16-18H,1H2,(H2,11,12,13)/t4-,6-,7-,10-/m1/s1	Adenosine																	95844	99910	27136	47928	27909	65792	50319	32942	70978	55002	20783	35649	65580	68127	31376	86736	29177	36538	26390	1408106	1718288	339561	51890	131457	22397	1088085	91971	33019	719600	33079	1971913	1002635	1498729	316552	358051	2414551	1038230	75486	74216	24238	232017	46459	19719	21936	793768	20770	20374	296211	26008	28160	36768	53534	25932	53255	20175	637028	24242	26663	40187	Adenosine
CHEBI:16977	C3H7NO2	C[C@H](N)C(O)=O	InChI=1S/C3H7NO2/c1-2(4)3(5)6/h2H,4H2,1H3,(H,5,6)/t2-/m0/s1	L-Alanine																	53641876	52341236	44884596	47322440	39030210	43479864	35086325	33831084	23678673	32653190	13606196	29835036	55422858	48284424	40486900	47129944	42933161	35371295	37525336	29337563	19942400	31347898	26675977	21013663	43976778	27053583	40332438	28996267	18742754	34032337	21180473	25455677	6690599	5945139	4771486	9498244	47053922	50054443	45622814	46897877	46442474	41377660	29783404	32855153	13508776	29434467	25767262	19371545	41257398	3777563	38592488	46196292	36647465	37706701	32946623	29969139	36681564	28738525	29323033	L-Alanine
CHEBI:37690	C6H12O6			Allose																	12038871	12417239	7944753	4983089	3278615	6231595	16726772	2707606	13796865	2444696	1407399	2946408	29232875	8037366	3655924	3577511	9478112	4171681	7954591	2693327	254792	352350	2029999	745735	2107631	1003173	1043284	1355439	281664	1295683	107551	333905	42677	36396	33610	55707	25567976	24130187	25999887	10398524	25373657	6516866	1643406	1408429	3150999	1678767	785799	769708	18738064	20328219	10987896	28081911	11287751	28092078	2467491	19483871	1535918	1671011	5992559	Allose
CHEBI:17108	C5H10O5			D-Arabinose																	45692	130857	87971	37244	30795	42025	166165	105801	89489	146387	51962	95368	165400	163544	203009	33183	85027	258183	189250	57848	17655	41682	49340	38084	28749	20175	27076	64348	9589	90210	13406	23211	8015	0	0	9927	84666	253520	126540	65972	126060	43920	69556	48158	37197	67140	42522	31091	61730	197722	117051	109137	56969	125436	73027	98873	61307	60972	49411	D-Arabinose
CHEBI:18333	C5H12O5	OC[C@@H](O)C(O)[C@H](O)CO	InChI=1S/C5H12O5/c6-1-3(8)5(10)4(9)2-7/h3-10H,1-2H2/t3-,4-/m1/s1	D-Arabitol																	90106	87005	130726	142973	117916	107531	44864	53545	43561	49507	33199	38238	42211	23640	16146	19880	29367	24533	31189	11525	4816	14760	11043	11461	16659	7889	13697	41701	3665	16374	2433	2956	0	0	0	0	26285	26713	17110	23870	22273	17533	10631	17494	6662	11606	8135	4145	25454	24706	19978	25113	22368	26761	20234	15780	31653	21635	12154	D-Arabitol
CHEBI:16467	C6H14N4O2	N[C@@H](CCCNC(N)=N)C(O)=O	InChI=1S/C6H14N4O2/c7-4(5(11)12)2-1-3-10-6(8)9/h4H,1-3,7H2,(H,11,12)(H4,8,9,10)/t4-/m0/s1	L-Arginine																	74198	140272	92479	65724	214124	52427	59131	54204	117871	102017	75301	33776	90733	226837	170885	499911	356543	184365	123772	263591	229635	456241	95261	158377	127722	82493	143649	99828	194501	147828	143137	59016	81443	75127	81151	113186	437092	214563	243525	187860	323979	205650	108982	56261	145021	215089	105114	219789	296893	175380	274487	556325	402610	710459	334235	542303	213840	293490	235064	L-Arginine
CHEBI:17053	C4H7NO4	N[C@@H](CC(O)=O)C(O)=O	InChI=1S/C4H7NO4/c5-2(4(8)9)1-3(6)7/h2H,1,5H2,(H,6,7)(H,8,9)/t2-/m0/s1	L-Aspartic acid																	11658548	8229317	20096715	6992709	15156028	16681165	9419846	14656677	20898346	27271493	27983246	15843410	19201631	20507781	24936982	21951054	23716456	24715425	20081982	5310953	4496103	8883338	6476805	16321730	10720059	6251970	10629080	19962317	3788848	23552863	876764	3107191	681778	2554821	1960658	788368	12717384	17826532	16398800	21846899	22756514	23010071	8879207	7320735	16088209	24069589	18988917	16737767	16411158	10723451	23917738	22005552	26296192	24763348	19618452	26180773	22585136	27080217	13811658	L-Aspartic acid
CHEBI:30746	C7H6O2	OC(=O)c1ccccc1	InChI=1S/C7H6O2/c8-7(9)6-4-2-1-3-5-6/h1-5H,(H,8,9)	Benzoic acid																	615071	699719	710018	594678	721467	714554	646266	615897	645666	690634	778592	688242	551901	625284	642404	647984	596576	965595	676733	734852	552703	524660	565069	863550	828443	634270	561859	1111077	577245	779128	615268	563661	616082	695681	639176	687202	592856	773523	1090530	686354	889843	886103	673482	1070014	619983	719567	613211	854819	648570	1007607	697749	636779	691767	710813	825094	569711	656545	681736	599148	Benzoic acid
CHEBI:18127	C5H14N2	NCCCCCN	InChI=1S/C5H14N2/c6-4-2-1-3-5-7/h1-7H2	Cadaverine																	472664	61284	32062	23854	124160	81875	1768421	183436	621668	7494700	343672	1440366	168982	95273	80063	1798640	1295104	14920	2674068	393149	136404	173229	469452	618716	61133	124332	117419	0	0	148361	24534	72889	0	58550	79893	0	1138336	28640	121251	18750	1077698	66464	117368	44313	436520	341879	501134	1114618	27203	10623	109890	888552	31471	2340666	237501	1014161	203460	2943127	189102	Cadaverine
CHEBI:30776	C6H12O2	CCCCCC(O)=O	InChI=1S/C6H12O2/c1-2-3-4-5-6(7)8/h2-5H2,1H3,(H,7,8)	Caproic acid																	241659	724337	694314	261432	376568	436042	520797	253446	737375	754809	921760	215013	232817	569972	698493	241122	384988	1080235	818378	232360	240381	230442	222189	1128076	548376	208222	262608	1126306	197701	1139035	308476	211661	201852	859646	764904	439457	266437	888237	742670	658804	753157	1156859	910600	965741	700043	850246	297811	973975	561689	1120506	680537	223727	747767	355029	1140204	266993	196173	698080	308648	Caproic acid
CHEBI:18135	C6H6O2	Oc1ccccc1O	InChI=1S/C6H6O2/c7-5-3-1-2-4-6(5)8/h1-4,7-8H	Pyrocatechol																	4153	6870	3941	5657	6454	8278	4815	9346	5220	7295	5240	6274	3653	2903	1935	2449	2955	4028	5621	3853	2482	5110	4306	3885	3882	2831	4565	9654	1803	3610	2807	7449	1674	1758	1678	1624	3953	4428	4946	4570	3151	3948	4045	6381	1865	5807	3412	2750	3948	5162	2563	2523	4030	2517	4975	5089	7904	5866	5284	Pyrocatechol
CHEBI:15584	C5H8O5	CC(O)(CC(O)=O)C(O)=O	InChI=1S/C5H8O5/c1-5(10,4(8)9)2-3(6)7/h10H,2H2,1H3,(H,6,7)(H,8,9)	Citramalic acid																	725046	85903	32011	367868	37833	366016	829204	167017	16197	16582	6799	101252	706687	97125	19400	376612	177727	28481	19334	281235	15892	20994	143494	6325	110340	125617	48883	40973	79255	14951	13120	52460	6455	3402	3272	6629	973995	150998	551331	35241	452561	27200	8938	288867	10540	9377	30769	4808	69358	79870	22158	236751	49696	85365	9210	291164	22164	10745	233659	Citramalic acid
CHEBI:30769	C6H8O7	OC(=O)CC(O)(CC(O)=O)C(O)=O	InChI=1S/C6H8O7/c7-3(8)1-6(13,5(11)12)2-4(9)10/h13H,1-2H2,(H,7,8)(H,9,10)(H,11,12)	Citric acid																	582733	529099	344789	428541	809219	437496	273580	382908	266271	211610	231208	228292	682063	622093	258449	543025	769437	283548	463252	679700	233225	358035	506811	156486	657970	390831	539329	510705	535063	280125	50402	128760	32396	35700	43518	37320	698550	822509	486902	456963	842798	341362	212244	468390	123879	207653	409218	68174	833170	667775	270291	733718	543330	624460	180290	423964	275142	308419	263144	Citric acid
				Labelled compound																	9385	9960	6110	7367	14828	9544	5268	7121	5375	7808	3920	3576	12753	10662	5338	10726	15774	5766	8266	13486	3408	7431	8367	2610	11797	7027	8175	10324	9646	5551	448	1787	0	0	0	0	13925	13829	8727	8126	15916	6833	2872	9086	2896	5200	7102	1411	16794	11605	8140	13318	9968	11850	3446	8986	5863	7870	3641	Citric acid-d4
CHEBI:17561	C3H7NO2S	N[C@@H](CS)C(O)=O	InChI=1S/C3H7NO2S/c4-2(1-7)3(5)6/h2,7H,1,4H2,(H,5,6)/t2-/m0/s1	L-Cysteine																	3698328	2863188	2184313	1284612	3076509	2217419	4762015	4370038	3240948	6306723	1874551	3769283	2717794	2909576	3407930	5082719	2517186	2321470	8875306	2129918	1720761	5646100	2079798	3196748	5045960	1171712	5678704	4758841	152942	3828527	181830	1601443	40428	157474	86013	116167	3468077	2587845	5763535	3145154	5488795	3397943	3759246	1534488	1555690	4367313	3138364	1480942	3651777	3978704	5272995	8568956	5519802	11459639	9543764	6218466	9216812	7115279	3291412	L-Cysteine
CHEBI:16040	C4H5N3O	Nc1cc[nH]c(=O)n1	InChI=1S/C4H5N3O/c5-3-1-2-6-4(8)7-3/h1-2H,(H3,5,6,7,8)	Cytosine																	253551	464890	532974	395965	285490	441089	220377	188510	318137	302314	232839	255556	234293	401293	292667	237922	395136	254581	243417	200818	152075	162968	176966	847930	14821781	10171083	11440835	17022050	6027866	17582419	1668406	3724974	710231	1645714	1406090	1915311	527406	477210	338571	390134	576759	495376	298090	182140	303344	309974	141162	277865	491375	521367	372745	207314	324182	299912	282591	204384	221239	326594	250354	Cytosine
CHEBI:15901	C4H6N2O2	O=C1CCNC(=O)N1	InChI=1S/C4H6N2O2/c7-3-1-2-5-4(8)6-3/h1-2H2,(H2,5,6,7,8)	Dihydrouracil																	110687	3758	7521	27369	94038	201599	113992	11212	5068	135192	0	81288	44905	28951	32883	1293284	128583	12289	425703	754543	515538	908087	22067	132469	359077	118080	115564	70749	16864	105587	119612	48817	24806	9626	14879	120876	1112886	13988	38000	43522	80289	11563	35520	8878	34389	22701	33734	19321	77309	117402	45942	497568	13160	648899	69342	556576	229764	71379	3703	Dihydrouracil
CHEBI:16108	C3H7O6P	OCC(=O)COP(O)(O)=O	InChI=1S/C3H7O6P/c4-1-3(5)2-9-10(6,7)8/h4H,1-2H2,(H2,6,7,8)	Dihydroxyacetone phosphate																	3753746	923356	1464863	2196060	2315702	3779261	3323978	2314218	1228864	1117753	1056856	2818674	2583680	804486	1005367	2871837	3623236	757276	1018762	2891905	3130008	5216266	4296796	1834073	4252653	3070143	7380290	1853393	4653559	1813254	1931710	5132475	1095159	954628	723542	2388698	3570703	1361684	3591694	1616148	5978290	1598073	963593	2105149	1296316	969995	2898831	918692	775751	1038077	964967	2426514	1817399	2712766	642389	2129004	2037917	712802	1647146	Dihydroxyacetone phosphate
CHEBI:17724	C4H9NO2	CN(C)CC(O)=O	InChI=1S/C4H9NO2/c1-5(2)3-4(6)7/h3H2,1-2H3,(H,6,7)	Dimethylglycine																	27272002	48329194	35714898	45674414	50656745	42983253	43895246	56776942	31886619	58305178	40490217	48011235	6077593	8513352	12247212	11801974	3392390	17091426	44520186	10898827	9169573	33475226	11058112	24722689	28547771	13082802	24643953	47058014	3950963	27667650	4534419	8921191	2586133	5006511	3283884	2490693	18031033	8582427	25042890	31167747	5458757	27586712	38762056	40258183	12318661	41464014	23941645	16246015	10502344	19187005	16145801	18323580	15534767	12523367	43804439	21912389	50462693	37682177	30026904	Dimethylglycine
CHEBI:27997	C18H34O2	CCCCCCCC\C=C\CCCCCCCC(O)=O	InChI=1S/C18H34O2/c1-2-3-4-5-6-7-8-9-10-11-12-13-14-15-16-17-18(19)20/h9-10H,2-8,11-17H2,1H3,(H,19,20)/b10-9+	Elaidic acid																	158593	149276	398049	187953	158138	251726	133839	182738	122198	149850	160435	232699	142797	108065	151101	122074	193315	116350	211302	226278	241560	495557	187823	686842	175596	165736	361513	135883	320078	669149	393454	428185	461095	775200	687850	657024	255429	213474	254594	415241	336985	261721	279039	215046	368719	241353	160591	321973	159197	187857	187956	103605	251641	113506	109659	161990	226853	134665	217147	Elaidic acid
CHEBI:78737	C6H13O9P			Fructose 1-phosphate																	2263041	482831	44851	761288	554799	662876	873128	329955	68124	4871	12143	269433	2355330	528849	8134	804714	977311	19669	110780	350308	51355	92627	272870	4039	585910	344357	177490	60733	77669	0	35185	73127	0	0	0	6606	1840556	393099	745028	0	800450	0	77690	327514	0	0	87311	0	359510	362501	54288	931102	57053	637035	11742	337716	110770	0	241245	Fructose 1-phosphate
CHEBI:15824	C6H12O6			D-Fructose																	960470	657338	360954	560003	520303	508848	632972	265177	1027611	124922	125990	215056	1689078	574064	203061	592235	831769	239435	185605	309963	89779	123800	311108	82612	344795	259015	188021	339415	147463	103380	65043	98444	28764	21750	15093	51013	1241243	1742507	992473	613050	1109900	513737	120309	246229	158539	91843	151492	75241	884970	1122398	453887	1306078	802600	1204673	110196	495360	154266	94088	287075	D-Fructose
CHEBI:18012	C4H4O4	OC(=O)\C=C\C(O)=O	InChI=1S/C4H4O4/c5-3(6)1-2-4(7)8/h1-2H,(H,5,6)(H,7,8)/b2-1+	Fumaric acid																	1405017	2138749	2584506	1814976	1740320	2569753	1271551	2059623	2278439	2567200	1507852	1735239	1296376	1579131	995075	1313644	1664004	955589	2258147	1040905	751762	2056764	665846	1935164	806044	385462	1385343	4494766	567763	1448002	867333	2670082	804465	510612	688997	674488	1488896	818322	1015848	1208308	1478180	1308927	1037176	785949	855677	1654202	925632	644317	1334730	1166652	980802	1613982	1523034	1703191	1655195	823976	2123328	2304653	631364	Fumaric acid
CHEBI:12936	C6H12O6			D-Galactose																	14424603	14509591	9334039	5957199	3874390	7368146	20125172	3229188	16059499	2948843	1699823	3540902	43987783	9468821	4339537	4297275	11342983	5010764	9422528	3291962	297070	454700	2389417	836626	2566988	1164309	1279445	1618245	325299	1513648	128314	340687	44608	33149	35674	61150	33856312	30692948	35181523	12422280	33320365	7754392	1933939	1724383	3715219	2024775	943998	888386	22396915	24735298	12946473	40006532	13190538	39387920	2925775	23512275	1871879	1921559	7045183	D-Galactose
CHEBI:4170	C6H13O9P	OC1O[C@H](COP(O)(O)=O)[C@@H](O)[C@H](O)[C@H]1O	InChI=1S/C6H13O9P/c7-3-2(1-14-16(11,12)13)15-6(10)5(9)4(3)8/h2-10H,1H2,(H2,11,12,13)/t2-,3-,4+,5-,6?/m1/s1	Glucose 6-phosphate																	38624244	28739045	2173419	29998235	16788596	24561965	28355382	23886202	1803417	1664886	648438	12407746	39567454	26321568	1092310	23654704	30295197	754140	8982831	14791012	911903	4070549	12269423	178657	19887891	10466745	3849540	1669853	1813117	139158	1266580	2342118	203615	134033	74784	600954	33419235	26232391	28043391	3148186	31350318	610620	2850533	19953647	176905	330430	5065171	64285	21072001	28980173	4094441	28091617	5307089	22548372	3690622	11978246	6375451	721835	9229727	Glucose 6-phosphate
CHEBI:17634	C6H12O6			D-Glucose																	14350193	14727966	9403415	5968883	3947054	7434524	19969196	3224692	16325179	2877983	1675274	3513759	43665056	9554303	4347166	4295388	11301762	4971929	9421403	3217799	307412	432296	2428575	883976	2515315	1196583	1268272	1640980	341912	1539611	131830	398695	48907	36732	44509	69654	33706808	30497740	34915486	12378215	33033815	7745687	1948554	1702568	3726100	2003818	791704	915173	22418135	24634133	13029783	39663051	13394772	39015697	2940809	23441279	1841350	1995351	7074318	D-Glucose
CHEBI:16015	C5H9NO4	N[C@@H](CCC(O)=O)C(O)=O	InChI=1S/C5H9NO4/c6-3(5(9)10)1-2-4(7)8/h3H,1-2,6H2,(H,7,8)(H,9,10)/t3-/m0/s1	L-Glutamic acid																	25087937	20627101	18924851	22335849	23196198	21302347	19596378	9999145	8942665	22059221	3419909	5771689	29611913	24842767	24369274	31463500	28991514	24553798	25330159	21482422	6608597	20101633	18799243	7179311	23969192	21605089	22420009	21741569	13361311	23810755	7123698	11665813	1584060	3811991	2103962	2536369	24532414	17013506	22830668	24146348	27534857	18984966	12426332	9312558	5442109	19970709	21717815	4279049	22545295	23870507	25753705	30095660	26262461	28728913	17898613	15111389	21936526	21354262	7266064	L-Glutamic acid
CHEBI:17859	C5H8O4	OC(=O)CCCC(O)=O	InChI=1S/C5H8O4/c6-4(7)2-1-3-5(8)9/h1-3H2,(H,6,7)(H,8,9)	Glutaric acid																	809864	1205369	424275	351253	155769	435832	3004475	4268098	2182204	1406960	828549	2755795	147480	133252	93132	71016	87999	102676	835919	597181	310087	442895	218399	256984	59099	35846	63566	183916	9237	55004	13025	43782	7440	24176	21012	20345	326621	747580	357660	405181	419818	238193	613904	1368609	251457	1227617	693389	509220	111450	139841	89287	74964	104970	82546	394729	1918261	440569	484322	423997	Glutaric acid
CHEBI:33508	C3H6O4	OCC(O)C(O)=O	InChI=1S/C3H6O4/c4-1-2(5)3(6)7/h2,4-5H,1H2,(H,6,7)	Glyceric acid																	1003863	6974181	4292387	1451083	756368	740785	861894	933611	11787904	1705097	1904735	569307	1648028	5536955	3114291	1127841	1947235	3947365	3490645	1197746	412943	551139	1037678	1025094	954390	632140	769167	2564912	261728	1587937	642239	1125915	283325	245852	238723	522641	1566009	14730707	1138588	9938950	2734065	10000995	1582569	872729	1436629	1276523	470622	995843	10576920	11943912	5207981	983461	10210760	705402	1797267	772013	504470	1571027	384736	Glyceric acid
CHEBI:17270	C3H9O6P	OCC(CO)OP(O)(O)=O	InChI=1S/C3H9O6P/c4-1-3(2-5)9-10(6,7)8/h3-5H,1-2H2,(H2,6,7,8)	Beta-Glycerophosphoric acid																	908418	345697	483909	588481	725379	884769	981348	677602	504887	436058	539342	894719	557490	227077	298262	711292	589155	263320	322559	550428	721686	1147262	822640	528101	1308758	733068	1423185	609763	717287	439926	322156	1302328	163204	155187	113050	499340	749415	452746	758595	515034	1086425	396294	352375	644184	356540	425457	949249	308962	315990	422024	397910	833463	625014	831236	386321	578676	866706	380852	609869	Beta-Glycerophosphoric acid
CHEBI:15978	C3H9O6P	OC[C@@H](O)COP(O)(O)=O	InChI=1S/C3H9O6P/c4-1-3(5)2-9-10(6,7)8/h3-5H,1-2H2,(H2,6,7,8)/t3-/m1/s1	Glycerol 3-phosphate																	9168222	2126530	3536645	5371581	5633006	9508460	8120774	5793354	3012309	2748487	2498925	7050839	6143688	2173091	2506955	6603403	8871373	1956573	2388609	7023335	7776755	12885075	10606738	4593612	10194305	7409468	17787981	4623586	11516610	4518553	4766527	12662136	2696045	2377135	1798020	5875762	8626566	3134755	8688964	3937560	14356605	3934839	2435285	5256682	3182467	2450065	7163436	2297665	1801915	2206838	2387580	5611779	4405027	6206460	1595621	5236180	4999404	1760980	4065901	Glycerol 3-phosphate
CHEBI:15428	C2H5NO2	NCC(O)=O	InChI=1S/C2H5NO2/c3-1-2(4)5/h1,3H2,(H,4,5)	Glycine																	25504392	10245872	5170180	8392534	9344184	8230796	7154329	4588070	2262230	5401565	1311477	5144109	17062348	6518144	2545453	12969996	13323990	1996290	15711357	19165456	6700158	15126962	6049112	3914982	6939984	8713222	8193631	2409663	6111081	3732930	4025947	1930458	1982359	500090	718165	2195382	19405834	5034969	6480350	3035894	21662808	3683082	6030177	3720108	3832708	3034061	4587328	3144211	4151133	816109	3081371	13472571	4213847	13409700	6770822	12384922	6073121	4980966	5321003	Glycine
CHEBI:17497	C2H4O3	OCC(O)=O	InChI=1S/C2H4O3/c3-1-2(4)5/h3H,1H2,(H,4,5)	Glycolic acid																	2306007	7016135	2870287	5697690	6545207	5212215	6780803	8035313	4144707	10291673	4992958	5578862	650306	1281368	925476	573958	760314	1389031	6488120	613091	609745	3321214	733872	1869964	1973771	693098	1409251	6312351	265877	1999451	287094	760117	189998	348446	335074	238454	726096	2202273	1167274	3281137	613897	2597060	3654616	4489625	807764	4686630	2118789	904108	1819780	2221845	1280510	1016038	1666540	703268	5397585	1610060	8405997	4055770	2438852	Glycolic acid
CHEBI:16235	C5H5N5O	C12=C(N=C(NC1=O)N)NC=N2	InChI=1S/C5H5N5O/c6-5-9-3-2(4(11)10-5)7-1-8-3/h1H,(H4,6,7,8,9,10,11)	Guanine																	43814	83080	45662	34051	121782	100057	21365	97595	34108	14288	8469	29442	699821	120644	47555	14817	523390	65510	95673	144248	54042	17301	26981	20102	57161	73944	143794	0	40564	20707	236243	50606	136266	110599	53387	197994	37822	102556	310409	22096	172419	22038	19850	15264	0	26532	146547	14086	62782	6708	70583	389035	266434	79425	22746	20450	0	31091	41467	Guanine
CHEBI:17588	C4H9NO2S	N[C@@H](CCS)C(O)=O	InChI=1S/C4H9NO2S/c5-3(1-2-8)4(6)7/h3,8H,1-2,5H2,(H,6,7)/t3-/m0/s1	L-Homocysteine																	407066	207705	162282	202197	693947	379485	331369	351421	216696	266136	178188	298363	679583	158891	135022	540899	413050	170569	655248	613330	321938	1410505	161140	450050	390973	133504	267342	281148	36451	256459	25074	117115	5416	9241	6767	18060	664336	129353	228288	304892	1285092	232720	305263	121910	128372	460479	589908	178807	87359	106448	109757	872016	417443	760121	661486	579990	963672	518601	388170	Homocysteine
CHEBI:15699	C4H9NO3	N[C@@H](CCO)C(O)=O	InChI=1S/C4H9NO3/c5-3(1-2-6)4(7)8/h3,6H,1-2,5H2,(H,7,8)/t3-/m0/s1	L-Homoserine																	28077	27894	7652	40754	38132	42547	99144	97832	27777	107083	35445	65471	36621	13720	7247	17152	14331	10715	79819	30295	12054	41944	36229	8306	14240	11615	14243	20903	3574	14149	5929	48460	651	3236	1779	3195	17737	9840	16223	14924	23550	9843	21616	57277	2311	34859	46362	2749	8522	8031	5544	17375	7499	13365	37388	54203	69851	28941	45089	L-Homoserine
CHEBI:17368	C5H4N4O	O=c1[nH]cnc2nc[nH]c12	InChI=1S/C5H4N4O/c10-5-3-4(7-1-6-3)8-2-9-5/h1-2H,(H2,6,7,8,9,10)	Hypoxanthine																	15437926	9318269	3766931	6369879	7115308	8307845	14222367	12025326	3781653	3096034	2214580	7730041	20347905	9639278	2553672	6288750	10276396	1490921	10219819	15461386	1839096	6378917	9889937	536778	4159989	1561030	2703888	223976	753877	103611	6989034	3642779	2307327	2186103	1146086	4175561	6350834	7338091	4503282	1909866	7067227	1214079	3287539	4448867	531817	724762	1446824	164264	6187995	1248107	3300178	6062539	2350201	6613805	1117626	2273189	902918	174745	1387412	Hypoxanthine
CHEBI:17596	C10H12N4O5	OC[C@H]1O[C@H]([C@H](O)[C@@H]1O)n1cnc2c(O)ncnc12	InChI=1S/C10H12N4O5/c15-1-4-6(16)7(17)10(19-4)14-3-13-5-8(14)11-2-12-9(5)18/h2-4,6-7,10,15-17H,1H2,(H,11,12,18)/t4-,6-,7-,10-/m1/s1	Inosine																	712472	124412	28941	278566	195157	439115	1006727	356485	131481	0	0	462257	1517192	264013	17966	370840	299571	9844	66855	2978	237430	473376	661032	15072	96719	119023	223987	0	42967	0	540239	552210	163168	24412	0	480241	938404	461885	507624	0	956085	0	38982	124636	9242	0	67136	0	71246	31550	22013	136862	38966	213150	0	157402	20983	0	79684	Inosine
CHEBI:17268	C6H12O6	O[C@H]1[C@H](O)[C@@H](O)[C@H](O)[C@H](O)[C@@H]1O	InChI=1S/C6H12O6/c7-1-2(8)4(10)6(12)5(11)3(1)9/h1-12H/t1-,2-,3-,4+,5-,6-	myo-Inositol																	62473	91210	41714	125829	173413	105626	93024	215337	68531	265660	217833	101627	153997	175570	63903	235043	293556	168458	727652	391288	127275	445215	643769	219607	122166	68250	115286	452061	32502	127690	60266	285346	32168	54246	65628	57192	111250	269223	118711	260970	309928	156134	200557	500203	71268	342384	369262	80646	149496	282422	98466	382507	306060	245454	983696	495027	1058930	937758	501154	myo-Inositol
CHEBI:17191	C6H13NO2	OC([C@H]([C@H](CC)C)N)=O	InChI=1S/C6H13NO2/c1-3-4(2)5(7)6(8)9/h4-5H,3,7H2,1-2H3,(H,8,9)/t4-,5-/m0/s1	L-Isoleucine																	27280133	23085612	22916942	24223081	28868107	23650387	21536313	23565851	11608196	26239304	10802525	20033612	30330334	25324919	24766538	29520198	30994659	25253438	27406535	24179017	15596555	19613475	23822551	17052584	26907061	13698361	26522902	28094502	18311630	26483334	3440257	10853528	1594378	2889830	2871606	3641024	27797186	23971807	26029738	25018549	31232761	24649013	15581879	18703807	10310839	12984037	23247344	13232817	23632449	2086346	24013792	29671837	28728774	27453460	22915345	19312988	17915137	20587118	18921610	L-Isoleucine
				unknown																	52633	66077	67830	62370	55998	82426	67733	69490	55401	66319	40975	63882	44839	49707	32958	47244	53976	27827	56662	46760	23331	60634	24341	46844	31722	18375	43540	116996	19757	39121	25006	62249	21486	16172	16376	20567	58066	28708	54051	35010	45132	39112	31347	37266	22407	45323	28946	19586	36142	34660	30143	50862	44837	46344	44724	33204	60690	58913	30933	Itaconic acid-2TMS
CHEBI:422	C3H6O3	C[C@H](O)C(O)=O	InChI=1S/C3H6O3/c1-2(4)3(5)6/h2,4H,1H3,(H,5,6)/t2-/m0/s1	L-Lactic acid																	11824299	13898000	4863968	8318037	3171064	4601176	4407282	4255712	5731745	2665918	4202776	3315540	11203358	6199520	4115328	7248992	3188923	5845573	4633631	4184871	2750413	2818701	3430581	4406096	4544937	3710089	2845332	4823789	2991051	4605481	2249810	3208241	2406197	4625795	3060171	3414190	7804768	14036918	3746574	11136731	4556029	5201982	3031563	6495333	2804225	2724551	3285520	3013035	6618273	11283575	3238384	4421088	5459359	3616338	2803215	3495922	2414410	2682411	2595999	L-Lactic acid
CHEBI:30805	C12H24O2	CCCCCCCCCCCC(O)=O	InChI=1S/C12H24O2/c1-2-3-4-5-6-7-8-9-10-11-12(13)14/h2-11H2,1H3,(H,13,14)	Dodecanoic acid																	208309	292290	280804	177503	427662	537163	183928	229517	210168	278339	294043	370288	160446	287964	248330	177092	237887	336537	409360	196010	287823	272026	278469	321971	228057	260736	415697	371111	195106	517196	260390	173655	140261	231183	203915	251699	465250	448143	520974	396799	480884	990193	301338	296490	348576	324713	297113	557864	253714	318355	234282	200747	193765	308805	297413	200923	291563	275888	612924	Dodecanoic acid
CHEBI:15603	C6H13NO2	CC(C)C[C@H](N)C(O)=O	InChI=1S/C6H13NO2/c1-4(2)3-5(7)6(8)9/h4-5H,3,7H2,1-2H3,(H,8,9)/t5-/m0/s1	L-Leucine																	22451722	13427424	13405400	20748822	26590506	20420807	22539968	23505050	19002054	27937385	19197604	22841736	26127505	9626567	19696330	28343788	29876855	23991396	30451059	27655559	21765795	26048340	27290609	23679186	25386012	2263816	23585910	28107930	17569609	26492130	6617378	20099647	2838155	6740076	6799962	7713594	22722505	20654754	16993179	21713326	29535087	22756964	21538806	25806731	16179010	24059478	28305274	21009922	20319109	4569229	21200903	28650561	28017420	27736294	26967228	23256990	27144747	28685841	25497826	L-Leucine
CHEBI:17351	C18H32O2	CCCCC\C=C/C\C=C/CCCCCCCC(O)=O	InChI=1S/C18H32O2/c1-2-3-4-5-6-7-8-9-10-11-12-13-14-15-16-17-18(19)20/h6-7,9-10H,2-5,8,11-17H2,1H3,(H,19,20)/b7-6-,10-9-	Linoleic acid																	34150	7788	23223	22800	13955	18565	23835	61394	20770	43263	40024	45294	14422	25818	16101	19837	36754	18108	65088	69302	48794	43221	43711	66866	16194	59234	11595	13754	30850	12621	73572	44721	48177	145801	112360	92733	29633	14357	28950	9714	52348	17525	67452	56063	121093	53416	36561	123646	35618	34366	11781	36241	12519	28234	47566	44390	30033	40681	24113	Linoleic acid
CHEBI:18019	C6H14N2O2	NCCCC[C@H](N)C(O)=O	InChI=1S/C6H14N2O2/c7-4-2-1-3-5(8)6(9)10/h5H,1-4,7-8H2,(H,9,10)/t5-/m0/s1	L-Lysine																	10487	17304	4054	8170	40854	58886	22302	53863	60372	39425	223825	38092	50524	8211	7190	18397	36359	13648	39847	13029	11503	7957	37487	13272	68167	4407	53551	0	1890	56216	0	54482	0	4903	0	0	6727	0	52806	15519	5616	20586	29005	0	0	94181	66928	41526	5429	0	24081	121817	16130	75740	402457	73950	240041	137771	197768	L-Lysine
CHEBI:18300	C4H4O4	OC(=O)\C=C/C(O)=O	InChI=1S/C4H4O4/c5-3(6)1-2-4(7)8/h1-2H,(H,5,6)(H,7,8)/b2-1-	Maleic acid																	183479	91068	59109	91253	128046	110234	159743	118324	45932	137626	46372	121869	40256	21842	27011	100080	27485	31580	176231	80311	67502	312830	40930	51616	80374	69705	125769	131496	41291	61539	21315	18801	10408	6459	6819	10269	132997	23851	88723	45384	79179	42115	64822	71367	32367	77680	74517	30264	22548	34858	42770	162065	71710	177332	120143	147732	164654	123728	69695	Maleic acid
CHEBI:6650	C4H6O5	OC(CC(O)=O)C(O)=O	InChI=1S/C4H6O5/c5-2(4(8)9)1-3(6)7/h2,5H,1H2,(H,6,7)(H,8,9)	Malic acid																	557967	847196	428251	702078	851461	618825	193839	418860	302729	190445	155280	270257	634063	847317	296660	676108	860920	210465	305309	208773	203043	351106	208540	250589	388452	211558	467955	906646	179438	228992	157585	281314	147272	54116	75125	95877	537647	908576	521231	503489	927060	318358	290902	345435	113477	159284	344334	80055	657312	872836	262105	840733	631971	642061	345699	142490	540076	426746	154909	Malic acid
CHEBI:17306	C12H22O11	OC[C@H]1O[C@H](O[C@@H]2[C@@H](CO)OC(O)[C@H](O)[C@H]2O)[C@H](O)[C@@H](O)[C@@H]1O	InChI=1S/C12H22O11/c13-1-3-5(15)6(16)9(19)12(22-3)23-10-4(2-14)21-11(20)8(18)7(10)17/h3-20H,1-2H2/t3-,4-,5-,6+,7-,8-,9-,10-,11?,12-/m1/s1	D-Maltose																	40213985	42571686	33575989	33540884	20557220	31304573	28529372	10203488	38431227	12300745	21493862	8019618	42725199	45108339	16482815	16292515	31203043	33984719	38523059	6150643	428578	829936	5428084	1060646	14454401	9851108	4314124	4516447	2690134	14364884	370340	539224	230452	634060	534885	91747	30365202	56736592	43244077	48429783	42267839	46755351	5354309	5396085	4701674	3412182	3074902	1651926	48719342	56525394	51043933	50348259	50387025	49861200	14650034	33282543	4575336	5706907	12476211	D-Maltose
CHEBI:29864	C6H14O6			Mannitol																	1519620	470284	1531190	2309074	317876	490211	10041179	477612	761678	152795	230135	206334	1835417	962413	392417	1019223	934674	311463	1953375	452509	214822	1036178	346949	452791	384783	394749	208882	221352	502622	124727	2931041	211148	926801	5744102	37235	139917	1165583	1434056	999708	338000	992004	11391994	636148	211144	889955	119961	815509	186233	1495457	3004745	410194	1536586	1922508	794156	2510531	524650	237088	247307	213300	Mannitol
CHEBI:616988	C6H13O9P			Mannose 6-phosphate																	3267288	192672	241431	1853579	1824488	1024154	1026357	601671	74929	86473	58552	479206	1688118	88306	48927	1094928	727482	45034	81098	255402	98629	147989	187097	26458	1124545	565602	281356	90461	119690	52531	35521	72629	16610	0	0	33201	2355987	111416	2596202	81085	2295238	57643	57454	426611	82603	52435	487645	17227	292498	182240	95764	2913224	61698	2426510	49861	436365	282534	56773	374254	Mannose 6-phosphate
CHEBI:16024	C6H12O6			D-Mannose																	20396034	20579551	13168280	8363886	5417076	10436787	28981462	4500968	22920285	4109504	2426866	5032650	56181184	13332765	6091592	6072165	16198272	7080957	13379906	4624271	410766	600203	3288932	1205042	3536508	1660734	1726508	2316522	472938	2148758	180102	558148	69654	64588	52562	106478	48380235	45229403	49717774	17518003	48217733	10990527	2737886	2398359	5226030	2862603	1309717	1238624	32500527	36788337	18462635	53957404	18797165	54094429	4179638	34514052	2660142	2800299	9975879	D-Mannose
CHEBI:32365	C17H34O2	CCCCCCCCCCCCCCCCC(O)=O	InChI=1S/C17H34O2/c1-2-3-4-5-6-7-8-9-10-11-12-13-14-15-16-17(18)19/h2-16H2,1H3,(H,18,19)	Heptadecanoic acid																	55528	37111	42567	41248	32344	50888	49484	61068	29054	36255	39394	59265	55749	35044	21363	27170	48951	36306	70411	75885	120661	167176	65072	136787	20922	20669	26345	16599	19369	20632	31809	35592	38324	32890	28415	30590	49271	54967	54381	38058	64187	35675	61091	70111	87986	41454	59473	71344	31196	34247	24208	31502	25179	32310	26980	37060	44849	21196	29772	Heptadecanoic acid
CHEBI:16600	C5H6O4	C\C(=C/C(O)=O)C(O)=O	InChI=1S/C5H6O4/c1-3(5(8)9)2-4(6)7/h2H,1H3,(H,6,7)(H,8,9)/b3-2+	Mesaconic acid																	956281	72047	19314	401309	34234	528315	1107459	162924	13398	11078	6047	135443	466649	49681	4034	362300	214539	6405	9429	259700	6206	40800	120825	3418	81957	147694	33327	15685	87104	7373	8437	27141	7897	2035	2492	3788	1051672	34831	578989	16574	548252	8253	7752	242601	3727	9281	24585	2787	19543	24759	9252	281549	9993	76786	8303	480764	14741	6455	264859	Mesaconic acid
CHEBI:17113	C4H10O4	OC[C@H](O)[C@H](O)CO	InChI=1S/C4H10O4/c5-1-3(7)4(8)2-6/h3-8H,1-2H2/t3-,4+	Erythritol																	38740	27070	23347	24218	25584	42128	7236	6568	4006	5576	3175	5436	64822	23089	20544	26524	37150	39396	9510	3638	1267	1919	5926	3133	13154	5059	17543	24356	3384	21088	970	1827	1151	287	1312	927	22786	30217	25085	15358	28405	22974	2018	6969	1326	1061	5199	1049	34612	35983	22286	32863	25872	36845	4297	6235	3762	6039	6272	Erythritol
CHEBI:16643	C5H11NO2S	CSCC[C@H](N)C(O)=O	InChI=1S/C5H11NO2S/c1-9-3-2-4(6)5(7)8/h4H,2-3,6H2,1H3,(H,7,8)/t4-/m0/s1	L-Methionine																	309950	81151	35424	146727	44679	103567	857394	662517	15935	317996	20287	382160	1372924	227717	41437	108985	398465	76586	1864927	405399	43397	79698	921768	50711	107132	57995	58861	126799	3962	37416	20133	170282	11288	2961	813	17197	97348	791572	88497	77672	805874	31409	92253	1375488	26124	81801	543776	19621	81259	187115	77328	252416	80747	144109	471487	324448	382412	208281	416853	L-Methionine
CHEBI:89843	C5H8O4			Methylsuccinic acid																	66658	30223	7226	27474	4529	18462	89717	111760	4768	21247	3622	24128	6710	56785	3223	10351	53660	3295	45995	33857	21089	17822	14407	14910	2908	5130	2417	6500	3796	3387	18240	139913	11753	9792	12983	7965	57448	69807	20283	8139	12354	4100	141607	186183	154379	74364	45628	60611	24048	32500	10093	6694	14801	2437	50793	46579	9808	10249	20795	Methylsuccinic acid
CHEBI:95115	C6H10O3	CC1(CCOC(=O)C1)O	InChI=1S/C6H10O3/c1-6(8)2-3-9-5(7)4-6/h8H,2-4H2,1H3	Mevalonolactone																	56573	46129	28530	23133	15626	30717	10052	8405	6008	19841	9321	9554	13527	12443	6643	4378	7017	7371	14381	4919	3089	5346	6067	4761	5832	0	3214	6577	0	3233	0	2462	0	0	0	0	10303	19575	5943	9049	10477	8356	3924	7211	2261	3901	4478	1751	7981	10006	6582	6009	8100	9513	16182	7002	8990	14156	7923	Mevalonolactone
CHEBI:28875	C14H28O2	CCCCCCCCCCCCCC(O)=O	InChI=1S/C14H28O2/c1-2-3-4-5-6-7-8-9-10-11-12-13-14(15)16/h2-13H2,1H3,(H,15,16)	Myristic acid																	324251	420623	320452	254466	827828	1125985	269312	269016	213607	279316	281004	671738	194538	273836	201312	214551	233825	534897	531860	244545	399669	497279	366794	513052	352611	261883	795743	525068	255153	1130783	266771	286371	260728	261614	259277	354492	705183	716354	769614	585690	637617	1737502	384282	385556	480567	342946	399725	686826	206870	259540	193629	171050	213965	387282	214382	233909	324646	186825	1189608	Myristic acid
CHEBI:17752	C8H16N2O3	CC(=O)NCCCC[C@H](N)C(O)=O	InChI=1S/C8H16N2O3/c1-6(11)10-5-3-2-4-7(9)8(12)13/h7H,2-5,9H2,1H3,(H,10,11)(H,12,13)/t7-/m0/s1	N6-Acetyl-L-lysine																	21524	0	0	7955	19317	41302	44710	34231	42667	45101	64725	17160	32695	13265	12198	15340	34098	14944	51124	46948	11948	21402	9088	8975	51711	11425	31656	0	19415	27679	22449	20707	34754	16144	27146	18850	19108	15327	33483	35565	14732	15998	20433	2781	24052	74669	34965	36230	22826	0	38029	70153	40458	35050	154165	223510	144904	78641	47208	N6-Acetyl-L-lysine
CHEBI:21547	C6H9NO5	CC(=O)N[C@@H](CC(O)=O)C(O)=O	InChI=1S/C6H9NO5/c1-3(8)7-4(6(11)12)2-5(9)10/h4H,2H2,1H3,(H,7,8)(H,9,10)(H,11,12)/t4-/m0/s1	N-Acetyl-L-aspartic acid																	129230	87015	58809	65203	75077	101904	34171	38207	39124	180485	52329	50631	40973	34975	29610	34404	37071	38003	96226	10355	11806	42342	10867	24843	135938	19472	87060	162654	12168	86207	1508	2371	212	1256	552	877	75971	76035	60830	92505	79506	87712	52753	57445	27004	72133	55000	44477	41634	40734	33378	53238	60686	53693	93160	35677	87738	83124	41208	N-Acetyl-L-aspartic acid
CHEBI:62164	C8H15NO6			N-Acetylmannosamine																	703076	2244271	2514543	1131864	1646859	1081514	22493	136817	260528	167268	200874	97168	64048	2310744	2000078	461075	1911849	2227657	152906	47356	40092	99801	39101	203709	682939	448190	546045	2328285	372553	2340885	27331	54842	0	52117	53777	0	239616	1075610	407908	2479547	149398	2700194	236248	66186	151401	121949	0	171227	788063	578728	350201	211071	599849	199957	23879	0	0	47951	41774	N-Acetylmannosamine
CHEBI:21563	C11H13NO4	C([C@H](CC1=CC=C(C=C1)O)NC(C)=O)(=O)O	InChI=1S/C11H13NO4/c1-7(13)12-10(11(15)16)6-8-2-4-9(14)5-3-8/h2-5,10,14H,6H2,1H3,(H,12,13)(H,15,16)/t10-/m0/s1	N-Acetyl-L-tyrosine																	11514	33509	21027	14969	11275	12236	39733	28528	48009	54081	38160	27349	3747	10302	9945	4573	4642	17389	42732	14473	3831	11284	14412	13174	10105	2762	8312	43791	0	11786	1175	4265	0	0	0	0	7673	50954	7963	22532	7304	25216	13037	26785	6760	14169	6132	3720	30907	43882	17761	10860	32151	10160	38688	18616	39823	37738	17600	N-Acetyl-L-tyrosine
CHEBI:17154	C6H6N2O	NC(=O)c1cccnc1	InChI=1S/C6H6N2O/c7-6(9)5-2-1-3-8-4-5/h1-4H,(H2,7,9)	Niacinamide																	23029072	12378121	10899199	23168307	22580825	24189981	22821850	22283133	16628172	13051178	15427187	21944786	24801662	13038480	13314199	23863611	22873400	12343140	17214002	19193194	14363950	21322847	20202964	13385424	22636053	16579616	24271987	24114904	7791268	13498592	4928179	17251128	2001326	1722613	1355100	4956878	23067158	15093490	22638432	15087312	24750774	14377224	7892400	20892328	9857238	15886066	20050911	9967108	6497077	9906914	6160844	21057252	10096136	20992856	10154634	19994819	22580275	10563392	18192554	Niacinamide
CHEBI:15940	C6H5NO2	OC(=O)c1cccnc1	InChI=1S/C6H5NO2/c8-6(9)5-2-1-3-7-4-5/h1-4H,(H,8,9)	Nicotinic acid																	1121076	2355494	1073224	1286037	880465	1517415	1181864	1471272	1218742	1187971	519222	894721	1680151	3307713	1538918	1248706	1546292	1208984	1569038	1300723	619906	1440150	1236751	685951	912431	510638	1107972	2230716	243206	631781	892207	1143119	249608	305333	364513	528678	1253923	1980014	1137512	1018339	1504550	1146193	666077	921921	407142	536226	635660	255344	2147514	1605941	1143497	948140	1465932	823132	999126	931288	1400852	790185	817988	Nicotinic acid
CHEBI:29019	C9H18O2	CCCCCCCCC(O)=O	InChI=1S/C9H18O2/c1-2-3-4-5-6-7-8-9(10)11/h2-8H2,1H3,(H,10,11)	Pelargonic acid																	178457	578016	547694	286564	210854	222788	192963	206369	652401	675918	659093	153642	161954	550481	545416	150330	519612	691156	591391	194099	247608	224184	170745	713641	188099	144507	290201	594793	202629	635956	213628	172949	212058	463782	521214	158685	255184	523949	200183	438240	214973	713300	710900	181782	551042	698885	234247	714916	443343	619229	634366	209257	660997	127750	664437	307801	211284	659821	252298	Pelargonic acid
CHEBI:28837	C8H16O2	CCCCCCCC(O)=O	InChI=1S/C8H16O2/c1-2-3-4-5-6-7-8(9)10/h2-7H2,1H3,(H,9,10)	Caprylic acid																	64975	294482	322671	90445	61944	81848	64705	71841	357100	355320	408357	45867	59904	301878	357107	52361	224626	416361	412991	64046	99254	77989	55273	462251	65977	40891	112465	407389	50799	365008	53346	64423	40556	285858	302410	41892	99638	264780	96722	255454	85903	403493	433354	84342	371438	433405	83068	390167	245815	390264	373196	56837	363898	51368	411258	75473	51609	353437	95371	Caprylic acid
CHEBI:16196	C18H34O2	CCCCCCCC\C=C/CCCCCCCC(O)=O	InChI=1S/C18H34O2/c1-2-3-4-5-6-7-8-9-10-11-12-13-14-15-16-17-18(19)20/h9-10H,2-8,11-17H2,1H3,(H,19,20)/b10-9-	Oleic acid																	73687	34819	49113	46854	28156	50211	61542	121360	40909	76072	93792	93175	50336	40497	35180	53409	50806	56803	170884	145729	97912	92226	88175	152640	34822	76476	43581	41120	44763	38865	140201	104158	149457	235998	201886	180123	50131	40662	59679	25800	91486	43759	132826	159986	196559	111634	99286	187548	62155	75050	41391	58356	35524	64977	79722	86508	78256	75222	58233	Oleic acid
CHEBI:15756	C16H32O2	CCCCCCCCCCCCCCCC(O)=O	InChI=1S/C16H32O2/c1-2-3-4-5-6-7-8-9-10-11-12-13-14-15-16(17)18/h2-15H2,1H3,(H,17,18)	Palmitic acid																	2902892	1764864	2721465	2827830	2108984	2346551	2187740	3445220	2093302	2581731	2483163	3230195	2718898	2683194	1677746	1822764	2661432	2781447	3804273	3522029	3949542	5108731	3480095	5222389	2718392	3396633	2269270	1964237	2199520	2714239	4244086	3453742	3508105	5334229	3803278	4834363	3267542	2815930	2863022	1937231	4414327	2484066	3108432	3641874	4458339	2604944	2867379	6118986	3919177	3299631	1798145	2708753	2227409	2730196	2608384	2654702	2760507	2150692	2199204	Palmitic acid
CHEBI:28716	C16H30O2	C(CCCCCCC/C=C\CCCCCC)(=O)O	InChI=1S/C16H30O2/c1-2-3-4-5-6-7-8-9-10-11-12-13-14-15-16(17)18/h7-8H,2-6,9-15H2,1H3,(H,17,18)/b8-7-	Palmitoleic acid																	57520	67177	189646	63392	59570	90965	37252	57853	61029	66111	98350	74626	31668	41168	73511	41835	44108	84642	96539	72156	83917	135433	57060	224858	43470	50430	114701	64772	83461	294420	87795	90946	117029	184022	220900	118324	69191	48863	83800	202611	68418	135793	77086	60641	121479	87785	38909	106608	52563	69110	84926	32353	94576	35535	54997	48835	62408	64838	88342	Palmitoleic acid
CHEBI:7916	C9H17NO5	CC(C)(CO)C(O)C(=O)NCCC(O)=O	InChI=1S/C9H17NO5/c1-9(2,5-11)7(14)8(15)10-4-3-6(12)13/h7,11,14H,3-5H2,1-2H3,(H,10,15)(H,12,13)	Pantothenic acid																	4373376	3088943	3408325	2997017	2551185	5875554	4190353	4303035	3902354	6292387	3040375	5377448	5901668	4735253	3321952	3229147	3226114	3332527	5030350	3010757	1330697	2993455	4607107	2264254	3697666	1215704	3777760	5086873	552834	2703448	266496	2011487	190586	218287	361398	319472	4477687	7076017	4798503	4162845	4804769	4550827	2886998	4336677	1992932	3767451	3467309	2021762	3576488	4870720	3579621	4237207	3435487	4400729	4810101	3689362	4984578	4092995	3992100	Pantothenic acid
CHEBI:30745	C8H8O2	OC(=O)Cc1ccccc1	InChI=1S/C8H8O2/c9-8(10)6-7-4-2-1-3-5-7/h1-5H,6H2,(H,9,10)	Phenylacetic acid																	328930	237866	247378	588056	555368	574887	43137	114905	177116	48019	62735	51486	37605	63271	62135	213257	70557	96862	34361	50203	33834	54626	38072	16445	197256	94612	141916	156936	70283	86475	22239	37627	12425	16209	21853	16726	356020	123274	469213	235583	154314	307488	19157	88154	20190	21456	70416	16227	141805	126152	110702	414480	116258	288794	15833	61356	47853	23340	51729	Phenylacetic acid
CHEBI:17295	C9H11NO2	N[C@@H](Cc1ccccc1)C(O)=O	InChI=1S/C9H11NO2/c10-8(9(11)12)6-7-4-2-1-3-5-7/h1-5,8H,6,10H2,(H,11,12)/t8-/m0/s1	L-Phenylalanine																	11494083	6876511	5865776	5439671	6293247	9246569	11803324	8441823	6673307	5266500	4506026	4491497	13192781	3200698	2959388	5927416	5558793	3075584	25169240	10709841	4411541	5322794	12627980	3481685	7673538	5810167	5898663	3558632	1353360	3799027	2223023	8858925	834713	1025635	797551	1077323	10686198	19599178	9389393	4309221	21005133	5636526	5947001	24909128	3170898	4088788	20288008	1689266	5118792	3381363	7409293	12169732	5751195	14428973	18233738	13195695	12093246	8671189	9930893	L-Phenylalanine
CHEBI:44897	C3H5O6P	OC(=O)C(=C)OP(O)(O)=O	InChI=1S/C3H5O6P/c1-2(3(4)5)9-10(6,7)8/h1H2,(H,4,5)(H2,6,7,8)	Phosphoenolpyruvic acid																	802359	588990	556920	1130858	736545	320214	226517	502135	240104	657114	682616	107327	1174087	663617	365405	1097194	1538524	232995	867362	703049	154863	323331	503321	235401	863405	432583	713562	1536958	291064	242820	48965	212562	52971	71826	66624	25404	790090	1194323	509613	1022624	1543738	592174	364460	261885	345008	456863	232009	150388	1275796	1782293	960333	1432616	1381397	726502	623148	203020	248434	515095	68326	Phosphoenolpyruvic acid
CHEBI:26078	H3O4P	[H]OP(=O)(O[H])O[H]	InChI=1S/H3O4P/c1-5(2,3)4/h(H3,1,2,3,4)	Phosphoric acid																	68432041	70337512	71153267	72659077	67416090	74021081	64752544	67795334	65837038	68951704	66873915	66331760	75710359	80613810	74176983	71560494	74193239	76838836	67446773	64188190	58689965	62806727	64875140	60576119	70932139	59891585	71470931	82098490	50806334	65311649	64194172	54214262	46887677	46608392	46307155	49947543	73474525	81810820	72490639	70774274	74319900	72576381	61096290	65308170	58782093	55070711	63215039	52150421	74458448	86562016	75037234	79998242	80184436	80079198	69480594	71987136	75998049	65557563	70381263	Phosphoric acid
CHEBI:17203	C5H9NO2	OC(=O)[C@@H]1CCCN1	InChI=1S/C5H9NO2/c7-5(8)4-2-1-3-6-4/h4,6H,1-3H2,(H,7,8)/t4-/m0/s1	L-Proline																	11761591	8100674	4824556	7205639	7725526	4235711	4845426	4101136	2975011	11020327	1182002	4998777	20474386	11349165	6300512	11642764	12937175	4729638	11841833	3713571	1900316	6024599	5762093	1671862	6202388	2233852	6993235	14283703	1518917	4198599	790166	3355940	282427	535233	529682	516399	6894014	5881429	7136208	4233952	16869232	3040983	3189819	1588712	832885	5329377	3996221	2043106	5108707	269979	6812966	17531973	5374165	13220558	5704466	2988865	8691588	3382583	3487335	L-Proline
CHEBI:16164	C6H6O3	Oc1cccc(O)c1O	InChI=1S/C6H6O3/c7-4-2-1-3-5(8)6(4)9/h1-3,7-9H	1,2,3-Trihydroxybenzene																	17756	26788	18149	30529	17604	31489	19972	24423	24272	37206	24835	25769	10253	12010	10336	8284	10453	19504	28366	17280	7412	20478	15401	18506	11042	12349	22073	46835	11587	24651	7473	7974	7618	9106	9922	4157	10217	11734	14752	24240	8449	14614	19803	34520	10665	25330	12414	13541	12263	19124	12831	10530	12424	6578	24104	22580	16600	20812	17554	1,2,3-Trihydroxybenzene
CHEBI:32816	C3H4O3	CC(=O)C(O)=O	InChI=1S/C3H4O3/c1-2(4)3(5)6/h1H3,(H,5,6)	Pyruvic acid																	844242	401484	324509	651528	231800	520045	531986	385735	218375	230036	328962	170467	3776637	526007	295252	873635	371717	415902	295441	402433	106132	211120	313454	147548	779455	203945	642610	974551	90110	183081	48664	139096	49360	51849	39438	52857	1160796	1058823	756277	505876	2361518	394274	237467	748924	114759	218607	185242	90204	536015	991554	445081	1511690	451344	1718757	445112	400513	395677	220501	471709	Pyruvic acid
CHEBI:78679	C5H11O8P			D-Ribose 5-phosphate																	1592018	6382653	3785122	1913028	1676347	1800295	2221358	2430593	3286817	5224514	2898505	1395550	3386110	7633035	4053878	1419885	3278214	3827236	6539667	925338	484207	1184288	1150192	2658851	1694387	842228	2355919	7891176	383020	3196133	91098	757713	63224	226746	185932	113185	1511795	9438096	1799924	4386542	1835746	4058853	2992810	1579133	1196860	3583151	860724	1231539	3974461	5779646	3040200	2078485	4325797	1208487	5572677	1172662	1561377	3793460	1355696	D-Ribose 5-phosphate
CHEBI:16988	C5H10O5			D-Ribose																	286186	334027	227754	422020	291671	400884	309092	247020	198126	119311	111050	265802	489316	293419	159525	281287	284996	177488	158422	265099	170356	264362	246371	119507	251135	173764	429396	709156	66485	186960	110549	284843	52370	15415	13205	76891	532898	596826	580757	311331	515352	408036	105517	308055	63606	75887	172667	50401	637363	506278	399721	508299	430612	374914	97878	234294	292388	140963	256963	D-Ribose
CHEBI:15721	C7H15O10P	OCC(=O)[C@@H](O)[C@H](O)[C@H](O)[C@H](O)COP(O)(O)=O	InChI=1S/C7H15O10P/c8-1-3(9)5(11)7(13)6(12)4(10)2-17-18(14,15)16/h4-8,10-13H,1-2H2,(H2,14,15,16)/t4-,5-,6-,7+/m1/s1	D-Sedoheptulose 7-phosphate																	796760	88223	18490	437122	411472	326675	433386	262868	36061	13992	12448	236556	933438	74042	9170	413269	433076	15493	37391	334360	106879	278043	217833	9393	284587	183862	159820	51414	106197	0	35045	73408	15655	0	0	40721	494245	63362	379746	0	530528	0	25695	245872	0	0	150342	0	113723	100776	17073	566312	31019	449609	23511	158916	132995	18389	127745	D-Sedoheptulose 7-phosphate
CHEBI:17115	C3H7NO3	N[C@@H](CO)C(O)=O	InChI=1S/C3H7NO3/c4-2(1-5)3(6)7/h2,5H,1,4H2,(H,6,7)/t2-/m0/s1	L-Serine																	3853349	3062446	1469850	2210738	1947000	1196901	1040086	1397334	443936	1017926	522422	601348	3301548	1879452	833687	1730616	1838288	652211	1787903	982225	412030	705186	805885	381487	2210065	1747751	1538797	1305925	530116	1134899	481721	1120711	752287	314255	157943	206888	1482626	926673	1261613	878174	2510244	681557	568283	788589	407499	623452	901670	350915	766619	327112	869226	2182444	1166160	1391743	1087875	736687	1231921	1303477	699816	L-Serine
CHEBI:30911	C6H14O6			Sorbitol																	1281303	323226	1461311	2112889	236637	353496	9578914	385749	748142	155618	222755	162863	1520723	779891	362515	867481	818476	276982	1836619	330101	194601	995342	283255	450078	269658	290869	170378	173722	439559	92533	2766777	154633	871234	5583823	35675	118523	906508	1160666	859341	294781	788705	10983455	586491	149113	849109	113856	731126	184103	1070131	2348195	309673	1366308	1701291	645910	2397661	400557	209201	229114	153546	Sorbitol
CHEBI:17266	C6H12O6			L-Sorbose																	900777	631098	329139	516425	484744	472016	614649	245590	951145	121761	120873	213072	1631619	545788	180960	541088	786350	211070	174331	289847	77299	121364	272504	73463	330813	253665	179447	303072	150172	88019	62679	87241	23847	0	0	46011	1168587	1636157	909633	544842	992424	484849	107484	234705	146921	76748	145539	65297	842269	1037019	424011	1203685	817235	1119137	110250	405327	127444	84615	253383	L-Sorbose
CHEBI:28842	C18H36O2	C(CCCCCCCCCC)CCCCCCC(=O)O	InChI=1S/C18H36O2/c1-2-3-4-5-6-7-8-9-10-11-12-13-14-15-16-17-18(19)20/h2-17H2,1H3,(H,19,20)	Stearic acid																	1757889	1177551	1877699	1824688	1484222	1297338	1270400	2005332	1368864	1578412	1362241	1919614	1750590	1567763	1071371	1183301	1603411	1452046	1692516	1750807	1820396	1536379	2129099	2084718	1889076	2032425	1219230	1252101	1387561	1309334	2479271	1910629	2022951	3117710	1888172	2354808	1972558	1313081	1614904	1054563	2541095	1492008	1829449	2066523	2248267	1327501	1874243	3669465	2727016	2265056	1174425	1928902	1442718	2036025	1915674	1780580	1709350	1405020	1155541	Stearic acid
CHEBI:15741	C4H6O4	OC(=O)CCC(O)=O	InChI=1S/C4H6O4/c5-3(6)1-2-4(7)8/h1-2H2,(H,5,6)(H,7,8)	Succinic acid																	34853689	35233138	34075708	35477020	34597299	39401263	24334595	28273166	20781566	30698306	22106933	28083298	39357938	39749543	36868709	37940751	38342769	40836914	32960664	26092337	23969678	29068933	25299034	26893682	36010867	29178927	38213223	45817313	22841768	36701596	14438226	19739454	7143704	4989904	11737505	16412782	35941878	36779632	35664497	35140953	36490109	36963954	25927937	27037794	21398707	27629004	24865059	22738859	35970820	38420199	33627623	36246709	35770563	36998119	30993413	24748239	31931957	30624138	27927928	Succinic acid
CHEBI:17992	C12H22O11	OC[C@H]1O[C@H](O[C@]2(CO)O[C@H](CO)[C@@H](O)[C@@H]2O)[C@H](O)[C@@H](O)[C@@H]1O	InChI=1S/C12H22O11/c13-1-4-6(16)8(18)9(19)11(21-4)23-12(3-15)10(20)7(17)5(2-14)22-12/h4-11,13-20H,1-3H2/t4-,5-,6-,7-,8+,9-,10+,11-,12+/m1/s1	Sucrose																	151114	46050	116130	66863	61833	73650	60745	122899	69896	81313	70767	45888	73122	253674	65636	267062	73316	257850	82529	95058	102478	72949	51115	64831	68608	123236	56068	85109	117467	101088	111079	199858	46238	82458	58881	95357	111463	84830	3127909	72589	113701	90079	91097	207838	121068	147329	220470	128471	81945	110789	63331	321175	59643	143589	95344	210104	204999	135354	91064	Sucrose
CHEBI:15674	C4H6O6	OC(C(O)C(O)=O)C(O)=O	InChI=1S/C4H6O6/c5-1(3(7)8)2(6)4(9)10/h1-2,5-6H,(H,7,8)(H,9,10)	2,3-Dihydroxybutanedioic acid																	36682	18057	31810	22044	8911	9193	430778	464761	242653	154341	95744	64898	19556	16358	16390	15159	12160	12574	552878	365480	235808	110065	148779	83207	7488	6802	11396	64110	0	8127	10657	127070	21454	42352	10630	5991	18753	30709	41126	31051	11508	23926	340119	479288	207653	97632	94284	33566	26915	22705	35817	18551	17168	5459	279193	370667	204069	76762	53294	2,3-Dihydroxybutanedioic acid
CHEBI:16857	C4H9NO3	C[C@@H](O)[C@H](N)C(O)=O	InChI=1S/C4H9NO3/c1-2(6)3(5)4(7)8/h2-3,6H,5H2,1H3,(H,7,8)/t2-,3+/m1/s1	L-Threonine																	1336431	1114165	572666	553791	1128277	616855	279139	236646	295301	289710	222652	204958	879027	701862	466392	814188	1126732	469800	346765	765937	201096	395911	452284	222629	504434	471932	736050	652187	374426	521825	280016	410272	183358	192192	103975	167630	868543	565305	604006	469257	1689886	375285	149058	153006	140498	182935	232529	94827	311474	293575	508177	821829	661186	675733	244535	553890	446762	559482	308716	L-Threonine
CHEBI:17748	C10H14N2O5	Cc1cn([C@H]2C[C@H](O)[C@@H](CO)O2)c(=O)[nH]c1=O	InChI=1S/C10H14N2O5/c1-5-3-12(10(16)11-9(5)15)8-2-6(14)7(4-13)17-8/h3,6-8,13-14H,2,4H2,1H3,(H,11,15,16)/t6-,7+,8+/m0/s1	Thymidine																	31043	84911	17529	52629	46046	47270	44291	34816	36745	19636	13643	25142	60516	38935	19596	42206	36596	23027	28551	51584	15161	32595	44436	15180	40390	12835	42998	107654	4202	24782	8527	72197	10680	1601	3224	4125	47555	43259	48390	20806	48756	28536	13089	32768	10802	12725	14410	5761	17149	22118	8665	25343	17636	20220	12467	20834	23624	9443	19799	Thymidine
CHEBI:17821	C5H6N2O2	Cc1c[nH]c(=O)[nH]c1=O	InChI=1S/C5H6N2O2/c1-3-2-6-5(9)7-4(3)8/h2H,1H3,(H2,6,7,8,9)	Thymine																	752429	764233	700027	594511	291197	824115	433897	407004	492112	384388	261988	413389	799740	830622	665566	515676	565454	794476	506372	517871	164534	282234	299448	276759	635959	432949	759633	845729	261339	738579	249276	205116	166263	153985	211302	130191	629607	582106	549823	489967	475627	596931	311997	311526	323329	308614	132269	280651	413682	320809	344394	279918	254345	393963	304153	276615	213281	194925	305051	Thymine
CHEBI:27082	C12H22O11	OC[C@H]1OC(OC2O[C@H](CO)[C@@H](O)[C@H](O)[C@H]2O)[C@H](O)[C@@H](O)[C@@H]1O	InChI=1S/C12H22O11/c13-1-3-5(15)7(17)9(19)11(21-3)23-12-10(20)8(18)6(16)4(2-14)22-12/h3-20H,1-2H2/t3-,4-,5-,6-,7+,8+,9-,10-,11?,12?/m1/s1	Trehalose																	56640331	56581688	49388309	50069302	43267269	48287171	50394634	34550628	52602399	35126542	41475194	29992886	57967287	58456727	40090098	39751160	47680081	48681220	53604455	23775493	1513793	2962099	20954942	4091174	38190559	32223955	16838059	17518939	10465326	37398599	1438229	2077856	877002	2485654	2098564	353629	50944847	68965851	57810869	60578071	56239447	58992126	20716918	20808035	18243787	13271104	11556300	6479927	61844858	69038209	63052016	62729156	62173488	61926374	38501852	49893150	17186389	22137470	37334305	Trehalose
CHEBI:28621	C6H15NO3	OCCN(CCO)CCO	InChI=1S/C6H15NO3/c8-4-1-7(2-5-9)3-6-10/h8-10H,1-6H2	Triethanolamine																	54485	14573	24055	14079	16483	11087	11317	24580	19971	19995	20967	12922	16418	25920	15280	24705	30552	51631	45177	17302	26021	22730	17717	31178	17318	20897	15681	29435	13157	17567	10548	46499	282832	17046	23842	15710	26673	26395	31120	12060	34762	20388	13207	22357	18438	14902	18990	17713	15941	41844	10953	22063	13400	30682	33947	54753	26859	23918	19421	Triethanolamine
CHEBI:17895	C9H11NO3	N[C@@H](Cc1ccc(O)cc1)C(O)=O	InChI=1S/C9H11NO3/c10-8(9(12)13)5-6-1-3-7(11)4-2-6/h1-4,8,11H,5,10H2,(H,12,13)/t8-/m0/s1	L-Tyrosine																	10882334	11393171	12088698	8431930	18962605	19208284	25063651	24385950	20234947	26302692	21693024	23597425	11174696	3805740	7108526	6456950	13650241	9060786	27451449	20645995	10900203	18940508	20866697	19324307	17574531	4103411	14726351	678616	5468568	16165556	3868182	14417201	2347532	2967457	2950190	3879380	8629819	7627638	16992895	8654876	11665905	9513833	19587210	19128397	12122465	21151766	23400661	12305480	13098651	3590774	18366585	20594673	17171542	17578629	25891456	24316898	23667900	25344762	23628127	L-Tyrosine
CHEBI:17568	C4H4N2O2	O=c1cc[nH]c(=O)[nH]1	InChI=1S/C4H4N2O2/c7-3-1-2-5-4(8)6-3/h1-2H,(H2,5,6,7,8)	Uracil																	17081945	9822763	4985310	13418680	12319781	16017462	17388321	14114782	6781292	5509258	2885600	11843850	20584602	9144475	3850488	11638765	15249229	8915610	8973007	17140046	5012640	11683698	10658110	4543883	10480915	3938981	7599331	7017514	1811899	2675714	5700009	7082909	2495556	1741271	1075969	4834969	13423194	12050763	9794210	7534988	15989480	10127297	10150159	15645582	3083387	5076051	7660243	3272258	7826331	6361866	3802007	11251817	6290523	13384098	5540646	7264260	7572404	3902663	8840672	Uracil
CHEBI:16704	C9H12N2O6	OC[C@H]1O[C@H]([C@H](O)[C@@H]1O)n1ccc(=O)[nH]c1=O	InChI=1S/C9H12N2O6/c12-3-4-6(14)7(15)8(17-4)11-2-1-5(13)10-9(11)16/h1-2,4,6-8,12,14-15H,3H2,(H,10,13,16)/t4-,6-,7-,8-/m1/s1	Uridine																	994470	3109245	820183	1723682	1861232	1876709	2251248	1427305	2269409	1612267	1128057	1545467	2368501	1908838	835129	1709432	1956376	1304435	1219590	2821583	1083053	1554694	1621572	1267393	2097598	1219191	2064119	7160640	489550	1463473	1380385	9103046	744731	351016	136165	1714466	4015521	4567665	5223328	1809366	4362537	4124132	1420122	3430740	1026554	1415007	1972780	838995	1063427	1748140	503619	1138498	1041403	986860	1287411	1161758	1472129	1442769	1442525	Uridine
CHEBI:16414	C5H11NO2	CC(C)[C@H](N)C(O)=O	InChI=1S/C5H11NO2/c1-3(2)4(6)5(7)8/h3-4H,6H2,1-2H3,(H,7,8)/t4-/m0/s1	L-Valine																	42738958	39402394	36706828	38003134	36137257	37710217	27658584	29448053	24753003	33794934	28606555	27621467	38914049	32437937	29662587	33317158	33956910	30318358	35893873	31740189	26932290	31305509	32546749	28611595	30308832	5549537	26916106	29502103	12547935	25658264	9156405	23586220	4082964	8246900	9812628	9010350	35297745	32450992	31392460	31320264	37149986	30773364	26343298	29125767	21825224	26750823	30467444	23054412	26698359	20931042	28535585	32805659	30254047	29908099	32680711	30032326	32703538	33671774	30526775	L-Valine
CHEBI:15318	C5H4N4O2			Xanthine																	5070576	4742395	2997361	5162475	14432147	8734346	1127605	4267787	919476	1923996	508118	1442026	11776908	4853839	2290258	2653696	11461627	2701961	3782008	2522691	853513	1672675	1390824	818929	6092065	3306435	2203735	0	2135072	2896965	913062	1794007	664080	397209	286262	1484655	1920737	3258632	5458112	4452131	10126046	2110709	1588292	867742	83017	1780585	3232655	466471	5302285	631753	3371750	16446137	8555797	9071808	610380	663989	89922	318826	560197	Xanthine
